{"gridListData":{"type":"object","objectId":"gridListSample","backgroundImage":{"contentDescription":null,"smallSourceUrl":null,"largeSourceUrl":null,"sources":[{"url":"https://d2o906d8ln7ui1.cloudfront.net/images/templates_v3/gridlist/GridListBackground_Dark.png","size":"small","widthPixels":0,"heightPixels":0},{"url":"https://d2o906d8ln7ui1.cloudfront.net/images/templates_v3/gridlist/GridListBackground_Dark.png","size":"large","widthPixels":0,"heightPixels":0}]},"title":"Plant Stores Near Me","listItems":[{"primaryText":"La marinière","imageSource":"https://th.bing.com/th/id/OIP.23m7ELnmswyfJa4Hjj7IHwHaLp?rs=1&pid=ImgDetMain"},{"primaryText":"Boina","imageSource":"https://th.bing.com/th/id/R.11f9f513c1756081cc5de497c9685ac5?rik=Il6a5jsnMHiB6g&pid=ImgRaw&r=0"},{"primaryText":"Trench coat","imageSource":"https://th.bing.com/th/id/OIP.ul5EGwtffW-84dnCQta0MgHaJ3?rs=1&pid=ImgDetMain"},{"primaryText":"Chic parisino","imageSource":"https://i.blogs.es/810c41/look-parisino-verano-8-/1366_2000.jpg"},{"primaryText":"Petit Robe Noire","imageSource":"https://th.bing.com/th/id/R.481af9a760653755a6980fa818a6ce9f?rik=HU1iRsKgegiEqA&riu=http%3a%2f%2frobenoire.net%2fwp-content%2fuploads%2f2015%2f02%2fguerlain-la-petite-robe-noir.jpg&ehk=1DfzLakeYhGpGBofa9aBROLq7jH6s53dHj76A6iwq6g%3d&risl=&pid=ImgRaw&r=0"},{"primaryText":"Ropa Deportiva Elegante (Athleisure)","imageSource":"https://bellezaparamujeres.com/wp-content/uploads/2022/07/athleisure.jpg"}],"logoUrl":"https://d2o906d8ln7ui1.cloudfront.net/images/templates_v3/logo/logo-modern-botanical-white.png"}}