{"videoPlayerTemplateData":{"type":"object","properties":{"backgroundImage":"https://mx.hola.com/imagenes/viajes/20200325164049/torre-eiffel-paris-maravillas-del-mundo-desde-mi-pantalla/0-803-199/torre-eiffel-iliminada-paris-a.jpg","displayFullscreen":false,"headerTitle":"PARÍS - FRANCIA","headerSubtitle":"","logoUrl":"https://mx.hola.com/imagenes/viajes/20200325164049/torre-eiffel-paris-maravillas-del-mundo-desde-mi-pantalla/0-803-199/torre-eiffel-iliminada-paris-a.jpg","videoControlType":"skip","videoSources":["https://kidiqcepekflwjrvlhcy.supabase.co/storage/v1/object/public/imagen%20video/Paris__The_last_drone_aerials_(1).mp4"],"sliderType":"determinate"}}}