{"headlineTemplateData":{"type":"object","objectId":"headlineSample","properties":{"backgroundImage":{"contentDescription":null,"smallSourceUrl":null,"largeSourceUrl":null,"sources":[{"url":"https://wallpaperaccess.com/full/1721411.jpg","size":"large"}]},"textContent":{"primaryText":{"type":"PlainText","text":"Hasta pronto - À bientôt"}},"logoUrl":"https://mx.hola.com/imagenes/viajes/20200325164049/torre-eiffel-paris-maravillas-del-mundo-desde-mi-pantalla/0-803-199/torre-eiffel-iliminada-paris-a.jpg","hintText":""}}}