{"headlineTemplateData":{"type":"object","objectId":"headlineSample","properties":{"backgroundImage":{"contentDescription":null,"smallSourceUrl":null,"largeSourceUrl":null,"sources":[{"url":"https://wallpaperset.com/w/full/2/2/9/207342.jpg","size":"large"}]},"textContent":{"primaryText":{"type":"PlainText","text":"Lo siento, ha ocurrido un problema en la pronunciación. Por favor, intentalo de nuevo."}},"logoUrl":"https://mx.hola.com/imagenes/viajes/20200325164049/torre-eiffel-paris-maravillas-del-mundo-desde-mi-pantalla/0-803-199/torre-eiffel-iliminada-paris-a.jpg","hintText":""}}}