{"cardsLayoutTemplateData":{"type":"object","properties":{"backgroundImage":"https://th.bing.com/th/id/R.972ff29c2a15472453aadf925da8ec6a?rik=o1pWnl%2fs3hBNTQ&pid=ImgRaw&r=0","headerTitle":"Lugares turísticos - Sites touristiques","headerSubtitle":"","headerAttributionImage":"https://mx.hola.com/imagenes/viajes/20200325164049/torre-eiffel-paris-maravillas-del-mundo-desde-mi-pantalla/0-803-199/torre-eiffel-iliminada-paris-a.jpg","primaryText":"Lugares famosos y turisticos de parís","listItems":[{"primaryText":"La Torre Eiffel","thumbnailImage":"https://th.bing.com/th/id/R.ce7ba55bc5add3304b02ff8c58e2dfb2?rik=pFikGB3hLw%2fSDw&pid=ImgRaw&r=0"},{"primaryText":"El Museo del Louvre","thumbnailImage":"https://www.101viajes.com/sites/default/files/museo-louvre.jpg"},{"primaryText":"La Catedral de Notre-Dame","thumbnailImage":"https://th.bing.com/th/id/R.a071511473593560c2971c0ada7623b7?rik=YiCnNNA89kEkEw&pid=ImgRaw&r=0"},{"primaryText":"El Arco de Triunfo","thumbnailImage":"https://th.bing.com/th/id/R.4dfd9b5d86a0865647cd283be5c0170e?rik=fSUjobVGIydz1w&pid=ImgRaw&r=0"},{"primaryText":"Los Campos Elíseos","thumbnailImage":"https://th.bing.com/th/id/R.57f7ba51b1334ec030b777676fcee299?rik=MqPPX3DBluA5ZQ&riu=http%3a%2f%2fblogs.publico.es%2felojopublico%2ffiles%2f2010%2f05%2fparis.jpg&ehk=JHBf6jgBX3qhLwKzEOgzVbmrpsCJAG6XIjxMpPnADRg%3d&risl=&pid=ImgRaw&r=0"},{"primaryText":"El Museo de Orsay","thumbnailImage":"https://th.bing.com/th/id/R.e29ee18e3284c0c907620a01ed1fc4f6?rik=xdYyzgEJC9GVxw&pid=ImgRaw&r=0"}]}}}