{"audioPlayerTemplateData":{"type":"object","properties":{"audioControlType":"jump30","audioSources":["https://kidiqcepekflwjrvlhcy.supabase.co/storage/v1/object/public/imagen%20video/ytmp3free.cc_la_vie_en_rose_youtubemp3free.org.mp3"],"backgroundImage":"https://th.bing.com/th/id/R.9d8132ffa9ab9479ded8c6333db1f7a1?rik=jRv0E%2bC21K5OlQ&riu=http%3a%2f%2fwww.viajeraexpress.es%2fwp-content%2fuploads%2f2020%2f02%2fIMG_20200125_202348-scaled.jpg&ehk=Ms50uaRhswJ%2bcQSfV2twIpeNLFgJ2%2bkh1XdoyP6MOgg%3d&risl=&pid=ImgRaw&r=0","coverImageSource":"https://cdn11.bigcommerce.com/s-yzgoj/images/stencil/1280x1280/products/2760739/5821260/PDX10542AA__46462.1625558071.jpg?c=2","headerTitle":"Musica en parís","logoUrl":"https://mx.hola.com/imagenes/viajes/20200325164049/torre-eiffel-paris-maravillas-del-mundo-desde-mi-pantalla/0-803-199/torre-eiffel-iliminada-paris-a.jpg","primaryText":"La vie en rose","secondaryText":"Edith piaf","sliderType":"determinate"}}}