{"type":"APL","version":"2024.2","license":"Copyright 2024 Amazon.com, Inc. or its affiliates. All Rights Reserved.\nSPDX-License-Identifier: LicenseRef-.amazon.com.-AmznSL-1.0\nLicensed under the Amazon Software License  http://aws.amazon.com/asl/","theme":"dark","import":[{"name":"alexa-layouts","version":"1.7.0"}],"mainTemplate":{"parameters":["payload"],"items":[{"type":"AlexaImageList","id":"plantList","headerTitle":"${payload.imageListData.title}","headerBackButton":true,"headerDivider":false,"headerAttributionImage":"${payload.imageListData.logoUrl}","backgroundImageSource":"${payload.imageListData.backgroundImage.sources[0].url}","backgroundBlur":false,"backgroundColorOverlay":false,"imageAspectRatio":"square","imageMetadataPrimacy":true,"imageScale":"best-fill","listItems":"${payload.imageListData.listItems}","hintText":"${payload.imageListData.hintText}"}]}}