{"textListData":{"type":"object","objectId":"textListSample","backgroundImage":{"contentDescription":null,"smallSourceUrl":null,"largeSourceUrl":null,"sources":[{"url":"https://th.bing.com/th/id/R.2c4c078f6df8a12cecde3bbfbfe2bef5?rik=t4R4XdiYpbEFlg&riu=http%3a%2f%2felboqueronviajero.com%2fwp-content%2fuploads%2f2015%2f07%2fTorre-Eiffel-de-Par%c3%ads-de-noche-en-panor%c3%a1mica.jpg&ehk=HdcOveGSamAX5wF12LvYzp1QuO4akFYEPAp8q6aZlLI%3d&risl=&pid=ImgRaw&r=0&sres=1&sresct=1","size":"large"}]},"title":"Ayuda","listItems":[{"primaryText":"para cancelar dí \"Cancelar\""},{"primaryText":"para pedir ayuda dí \"necesito ayuda\""},{"primaryText":"para salir dí \"salir\""},{"primaryText":"Para ver un video de París dí \"cual es la descripcion de esta ciudad\""},{"primaryText":"para ver lugares de parís dí \"lugares turísticos\""},{"primaryText":"para conocer las comidas típicas dí \"dime las comidas tipicas\""},{"primaryText":"Para conocer vestimenta de parís dí \"dime los trajes típicos de parís\""},{"primaryText":"Para conocer personajes reconocidos de parís dí \"personajes sobresalientes de parís\""},{"primaryText":"Para escuchar música de parís dí \"música de parís\""}],"logoUrl":"https://mx.hola.com/imagenes/viajes/20200325164049/torre-eiffel-paris-maravillas-del-mundo-desde-mi-pantalla/0-803-199/torre-eiffel-iliminada-paris-a.jpg"}}