{"headlineTemplateData":{"type":"object","objectId":"headlineSample","properties":{"backgroundImage":{"contentDescription":null,"smallSourceUrl":null,"largeSourceUrl":null,"sources":[{"url":"https://th.bing.com/th/id/R.ce84d51225ca2117e9500b25f018896d?rik=LMYXJYx7W9owjQ&riu=http%3a%2f%2fdiarium.usal.es%2fvanesaalonso%2ffiles%2f2014%2f10%2ffotos-de-la-torre-de-paris-francia.jpg&ehk=T%2f8NYmY7JjLM7qIookUNPWjqe13m32aKF004jAiHmTg%3d&risl=&pid=ImgRaw&r=0","size":"large"}]},"textContent":{"primaryText":{"type":"PlainText","text":"Bienvenido a conoce sobre Paris Francia skill"}},"logoUrl":"https://mx.hola.com/imagenes/viajes/20200325164049/torre-eiffel-paris-maravillas-del-mundo-desde-mi-pantalla/0-803-199/torre-eiffel-iliminada-paris-a.jpg","hintText":"Prueba decir, \"Dame información de parís\""}}}